idNodo,idDispositivo,tfin tinicio,tdiferencia,latitud,longitud,majordeviceclass,minordeviceclass,serviceclass,fabricante
1388396196672,66413fafe456f8048bba70cba951ebdb78bff247,1395635674198,1395635674096,102,37.5123,-6.02722,1024,8,2359296,"novero GmbH"
1388396196672,ef264df8a68f95bcd80980840199835b25eeeb61,1395638615489,1395638615387,102,37.5123,-6.02722,512,12,5898240,"Clipcomm Inc."
1388396196672,92a2aa9b250d5fe1f7e7874e087a7770187433a9,1395640972645,1395640972543,102,37.5123,-6.02722,1024,8,3145728,"Parrot SA"
1388396196672,2780cd25cfc0b378067cfe0f91e5862618ae70e1,1395644788272,1395644788170,102,37.5123,-6.02722,1024,8,3145728,"PARROT S.A."
1388396196672,f9cf704c8ae33c124cc196ec9d8e6599acb18fa0,1395646307596,1395646307494,102,37.5123,-6.02722,512,4,5898240,"Nokia Corporation"
1388396196672,e60f00662c963ea3bf9e91394ad4d3cad5bd1b75,1395648817389,1395648817287,102,37.5123,-6.02722,512,12,5898240,null
1388396196672,dd0380dfdd1600b86138d2d82bb9267a466cc31c,1395648957942,1395648957840,102,37.5123,-6.02722,512,4,5898240,null
1388396196672,2483e82c074cf3f08bb5504b002ffb340f6d92eb,1395649839638,1395649839536,102,37.5123,-6.02722,512,4,5898240,null
1388396196672,fa1d502cfd0771be7725391851fed57ae82b73d2,1395649862653,1395649851069,11584,37.5123,-6.02722,512,12,5767168,null
1388396196672,90ce153a5c258cb1f19b1b760a1b69f7a10bb163,1395650035872,1395650000161,35711,37.5123,-6.02722,512,4,5373952,"Nokia Danmark A/S"
1388396196672,a6f99d28039e4d52afe6648e433479f8d4fbf8cb,1395650152926,1395650152824,102,37.5123,-6.02722,512,4,5898240,null
1388396196672,d92a6fca927483077c3c64710fc0d040caeb29cf,1395651225543,1395651213944,11599,37.5123,-6.02722,512,4,5242880,"Samsung Electronics Co.Ltd"
1388396196672,022f2dd89425c16b3f749e348fb1ec1f12260289,1395651287370,1395651287268,102,37.5123,-6.02722,1024,8,2359296,"Parrot SA"
1388396196672,5bd0b5c58cb07dc560d3b7725c24d34fdb1fd411,1395651767466,1395651767364,102,37.5123,-6.02722,1024,8,3145728,"Parrot SA"
1388396196672,abf9b4dead6ca5a0f896d04ecdaaa4680fa30634,1395651928648,1395651928546,102,37.5123,-6.02722,1024,4,2097152,"ATO Technology Ltd."
1388396196672,66413fafe456f8048bba70cba951ebdb78bff247,1395652550550,1395652550448,102,37.5123,-6.02722,1024,8,2359296,"novero GmbH"
1388396196672,4c788a7272755e70e86b2c521c3b3b263fcc873b,1395652562039,1395652561937,102,37.5123,-6.02722,512,4,5898240,null
1388396196672,d92a6fca927483077c3c64710fc0d040caeb29cf,1395653419104,1395653406535,12569,37.5123,-6.02722,512,4,5242880,"Samsung Electronics Co.Ltd"
1388396196672,dd0380dfdd1600b86138d2d82bb9267a466cc31c,1395655069011,1395654963151,105860,37.5123,-6.02722,512,4,5898240,null
1388396196672,51b7fa260c0c4d161677b79101e9072273e989a7,1395655278954,1395655193915,85039,37.5123,-6.02722,512,4,5898240,"Nokia Corporation"
1388396196672,51b7fa260c0c4d161677b79101e9072273e989a7,1395655895382,1395655895279,103,37.5123,-6.02722,512,4,5898240,"Nokia Corporation"
1388396196672,51b7fa260c0c4d161677b79101e9072273e989a7,1395655995200,1395655995097,103,37.5123,-6.02722,512,4,5898240,"Nokia Corporation"
1388396196672,51b7fa260c0c4d161677b79101e9072273e989a7,1395656106347,1395656082159,24188,37.5123,-6.02722,512,4,5898240,"Nokia Corporation"
1388396196672,960575a6915c041ed408b24faca2db476c34a62e,1395656143064,1395656142961,103,37.5123,-6.02722,1024,8,3145728,"PARROT S.A."
1388396196672,51b7fa260c0c4d161677b79101e9072273e989a7,1395657738526,1395656217570,1520956,37.5123,-6.02722,512,4,5898240,"Nokia Corporation"
1388396196672,349c525b5ebc9f9b783eff4f2a65399e6ad12fc5,1395656241810,1395656241708,102,37.5123,-6.02722,1024,4,2097152,"PARROT S.A."
1388396196672,dd0380dfdd1600b86138d2d82bb9267a466cc31c,1395656277508,1395656277405,103,37.5123,-6.02722,512,4,5898240,null
1388396196672,90ce153a5c258cb1f19b1b760a1b69f7a10bb163,1395657252794,1395657241190,11604,37.5123,-6.02722,512,4,5373952,"Nokia Danmark A/S"
1388396196672,90ce153a5c258cb1f19b1b760a1b69f7a10bb163,1395657785643,1395657597116,188527,37.5123,-6.02722,512,4,5373952,"Nokia Danmark A/S"
1388396196672,dd0380dfdd1600b86138d2d82bb9267a466cc31c,1395657715553,1395657715450,103,37.5123,-6.02722,512,4,5898240,null
1388396196672,51b7fa260c0c4d161677b79101e9072273e989a7,1395657909561,1395657847433,62128,37.5123,-6.02722,512,4,5898240,"Nokia Corporation"
1388396196672,51b7fa260c0c4d161677b79101e9072273e989a7,1395658009517,1395658009414,103,37.5123,-6.02722,512,4,5898240,"Nokia Corporation"
1388396196672,90ce153a5c258cb1f19b1b760a1b69f7a10bb163,1395658021066,1395658020963,103,37.5123,-6.02722,512,4,5373952,"Nokia Danmark A/S"
1388396196672,51b7fa260c0c4d161677b79101e9072273e989a7,1395658180796,1395658082957,97839,37.5123,-6.02722,512,4,5898240,"Nokia Corporation"
1388396196672,dd0380dfdd1600b86138d2d82bb9267a466cc31c,1395658169297,1395658169194,103,37.5123,-6.02722,512,4,5898240,null
1388396196672,51b7fa260c0c4d161677b79101e9072273e989a7,1395658317182,1395658255153,62029,37.5123,-6.02722,512,4,5898240,"Nokia Corporation"
1388396196672,51b7fa260c0c4d161677b79101e9072273e989a7,1395658466521,1395658454904,11617,37.5123,-6.02722,512,4,5898240,"Nokia Corporation"
1388396196672,51b7fa260c0c4d161677b79101e9072273e989a7,1395658553676,1395658553574,102,37.5123,-6.02722,512,4,5898240,"Nokia Corporation"
1388396196672,dd0380dfdd1600b86138d2d82bb9267a466cc31c,1395658627259,1395658615656,11603,37.5123,-6.02722,512,4,5898240,null
1388396196672,51b7fa260c0c4d161677b79101e9072273e989a7,1395658638763,1395658638660,103,37.5123,-6.02722,512,4,5898240,"Nokia Corporation"
1388396196672,51b7fa260c0c4d161677b79101e9072273e989a7,1395658775320,1395658751032,24288,37.5123,-6.02722,512,4,5898240,"Nokia Corporation"
1388396196672,51b7fa260c0c4d161677b79101e9072273e989a7,1395658922280,1395658862360,59920,37.5123,-6.02722,512,4,5898240,"Nokia Corporation"
1388396196672,51b7fa260c0c4d161677b79101e9072273e989a7,1395659098070,1395659097960,110,37.5123,-6.02722,512,4,5898240,"Nokia Corporation"
1388396196672,dd0380dfdd1600b86138d2d82bb9267a466cc31c,1395659147477,1395659147374,103,37.5123,-6.02722,512,4,5898240,null
1388396196672,51b7fa260c0c4d161677b79101e9072273e989a7,1395659219850,1395659171552,48298,37.5123,-6.02722,512,4,5898240,"Nokia Corporation"
1388396196672,b0c7193456b8fa41e320e3fec32bfba0f3c264ad,1395659243992,1395659243890,102,37.5123,-6.02722,512,4,5898240,"Nokia Corporation"
1388396196672,51b7fa260c0c4d161677b79101e9072273e989a7,1395659380478,1395659368866,11612,37.5123,-6.02722,512,4,5898240,"Nokia Corporation"
1388396196672,51b7fa260c0c4d161677b79101e9072273e989a7,1395659622659,1395659454921,167738,37.5123,-6.02722,512,4,5898240,"Nokia Corporation"
1388396196672,a6f99d28039e4d52afe6648e433479f8d4fbf8cb,1395659659405,1395659659303,102,37.5123,-6.02722,512,4,5898240,null
1388396196672,dd0380dfdd1600b86138d2d82bb9267a466cc31c,1395659758242,1395659721400,36842,37.5123,-6.02722,512,4,5898240,null
1388396196672,b91088b1c4354ebd738262067a0b9e42ce995076,1395659820208,1395659820105,103,37.5123,-6.02722,1024,8,3145728,"PARROT S.A."
1388396196672,51b7fa260c0c4d161677b79101e9072273e989a7,1395660087895,1395659820105,267790,37.5123,-6.02722,512,4,5898240,"Nokia Corporation"
1388396196672,dd0380dfdd1600b86138d2d82bb9267a466cc31c,1395659942051,1395659868408,73643,37.5123,-6.02722,512,4,5898240,null
1388396196672,dd0380dfdd1600b86138d2d82bb9267a466cc31c,1395660110864,1395660099298,11566,37.5123,-6.02722,512,4,5898240,null
1388396196672,51b7fa260c0c4d161677b79101e9072273e989a7,1395660207245,1395660160033,47212,37.5123,-6.02722,512,4,5898240,"Nokia Corporation"
1388396196672,dd0380dfdd1600b86138d2d82bb9267a466cc31c,1395660231324,1395660231221,103,37.5123,-6.02722,512,4,5898240,null
1388396196672,dd0380dfdd1600b86138d2d82bb9267a466cc31c,1395660378120,1395660318310,59810,37.5123,-6.02722,512,4,5898240,null
1388396196672,bd21cb0df536ef441e3dd71621df3698b7e16d7a,1395660318414,1395660318312,102,37.5123,-6.02722,512,12,5898240,null
1388396196672,51b7fa260c0c4d161677b79101e9072273e989a7,1395660700736,1395660342413,358323,37.5123,-6.02722,512,4,5898240,"Nokia Corporation"
1388396196672,dd0380dfdd1600b86138d2d82bb9267a466cc31c,1395660677736,1395660498626,179110,37.5123,-6.02722,512,4,5898240,null
1388396196672,d899749aa8188b905f51ab2833dfda4bc550cf54,1395660876347,1395660689136,187211,37.5123,-6.02722,512,4,5898240,"Nokia Corporation"
1388396196672,51b7fa260c0c4d161677b79101e9072273e989a7,1395660766222,1395660766119,103,37.5123,-6.02722,512,4,5898240,"Nokia Corporation"
1388396196672,51b7fa260c0c4d161677b79101e9072273e989a7,1395660960193,1395660900311,59882,37.5123,-6.02722,512,4,5898240,"Nokia Corporation"
1388396196672,dd0380dfdd1600b86138d2d82bb9267a466cc31c,1395660995786,1395660960091,35695,37.5123,-6.02722,512,4,5898240,null
1388396196672,d899749aa8188b905f51ab2833dfda4bc550cf54,1395661103725,1395661032379,71346,37.5123,-6.02722,512,4,5898240,"Nokia Corporation"
1388396196672,dd0380dfdd1600b86138d2d82bb9267a466cc31c,1395662531620,1395661069102,1462518,37.5123,-6.02722,512,4,5898240,null
1388396196672,51b7fa260c0c4d161677b79101e9072273e989a7,1395661312010,1395661103621,208389,37.5123,-6.02722,512,4,5898240,"Nokia Corporation"
1388396196672,b91088b1c4354ebd738262067a0b9e42ce995076,1395661392609,1395661392504,105,37.5123,-6.02722,1024,8,3145728,"PARROT S.A."
1388396196672,d05cddffac3a3b529006f6f0fb5e3d787b3a828e,1395661392609,1395661392505,104,37.5123,-6.02722,1024,8,2621440,TomTom
1388396196672,51b7fa260c0c4d161677b79101e9072273e989a7,1395661473201,1395661450077,23124,37.5123,-6.02722,512,4,5898240,"Nokia Corporation"
1388396196672,68f3b48e5faecc3b003041f82ffd27203d1bd91e,1395661683525,1395661683422,103,37.5123,-6.02722,512,4,5898240,"Nokia Corporation"
1388396196672,960575a6915c041ed408b24faca2db476c34a62e,1395662495947,1395662495844,103,37.5123,-6.02722,1024,8,3145728,"PARROT S.A."
1388396196672,dd0380dfdd1600b86138d2d82bb9267a466cc31c,1395662606172,1395662606069,103,37.5123,-6.02722,512,4,5898240,null
1388396196672,dd0380dfdd1600b86138d2d82bb9267a466cc31c,1395662911371,1395662743534,167837,37.5123,-6.02722,512,4,5898240,null
1388396196672,d899749aa8188b905f51ab2833dfda4bc550cf54,1395662793048,1395662792945,103,37.5123,-6.02722,512,4,5898240,"Nokia Corporation"
1388396196672,dd0380dfdd1600b86138d2d82bb9267a466cc31c,1395663901905,1395662998316,903589,37.5123,-6.02722,512,4,5898240,null
1388396196672,c10d3e0b5f18355d8f7181ca76a01f091fba206b,1395663106350,1395663106247,103,37.5123,-6.02722,1024,8,3145728,"PARROT S.A."
1388396196672,83d0e738522b7776ed849df3d15f01098ff1f8fc,1395663469634,1395663469532,102,37.5123,-6.02722,1024,8,3145728,"Parrot SA"
1388396196672,f6c78e1ceaee1fd73c6e1e3dfd419e216bbf3310,1395663575447,1395663575345,102,37.5123,-6.02722,512,4,5898240,null
1388396196672,a6f99d28039e4d52afe6648e433479f8d4fbf8cb,1395666237485,1395664999221,1238264,37.5123,-6.02722,512,4,5898240,null
1388396196672,b0c7193456b8fa41e320e3fec32bfba0f3c264ad,1395665256694,1395665256591,103,37.5123,-6.02722,512,4,5898240,"Nokia Corporation"
1388396196672,028766610f0b18df02ad674bab62805e22933eb7,1395665280810,1395665280708,102,37.5123,-6.02722,512,4,5898240,null
1388396196672,b0c7193456b8fa41e320e3fec32bfba0f3c264ad,1395665502890,1395665351895,150995,37.5123,-6.02722,512,4,5898240,"Nokia Corporation"
1388396196672,b0c7193456b8fa41e320e3fec32bfba0f3c264ad,1395665703008,1395665679921,23087,37.5123,-6.02722,512,4,5898240,"Nokia Corporation"
1388396196672,b0c7193456b8fa41e320e3fec32bfba0f3c264ad,1395665796088,1395665795982,106,37.5123,-6.02722,512,4,5898240,"Nokia Corporation"
1388396196672,9dfcaf95ef90b0b9d5e9165244b248ed9ed7b07e,1395665796088,1395665795983,105,37.5123,-6.02722,1024,8,2359296,"Soundmax Electronic Limited"
1388396196672,f222c28c5b443d3ac9824c05411c65cbe3555795,1395665796088,1395665795984,104,37.5123,-6.02722,1024,8,3145728,"PARROT S.A."
1388396196672,b0c7193456b8fa41e320e3fec32bfba0f3c264ad,1395665945677,1395665945574,103,37.5123,-6.02722,512,4,5898240,"Nokia Corporation"
1388396196672,b0c7193456b8fa41e320e3fec32bfba0f3c264ad,1395666037632,1395666026045,11587,37.5123,-6.02722,512,4,5898240,"Nokia Corporation"
1388396196672,b0c7193456b8fa41e320e3fec32bfba0f3c264ad,1395666144422,1395666144320,102,37.5123,-6.02722,512,4,5898240,"Nokia Corporation"
1388396196672,e41d3b204f5c7615db77da36c91e70d8a47442e9,1395666310884,1395666299215,11669,37.5123,-6.02722,512,4,5898240,"Nokia Corporation"
1388396196672,a6f99d28039e4d52afe6648e433479f8d4fbf8cb,1395666371677,1395666322294,49383,37.5123,-6.02722,512,4,5898240,null
1388396196672,a6f99d28039e4d52afe6648e433479f8d4fbf8cb,1395667853142,1395666446077,1407065,37.5123,-6.02722,512,4,5898240,null
1388396196672,a6d38ec3c7321272a77dce274605313b40a62ec3,1395666446181,1395666446078,103,37.5123,-6.02722,512,4,5898240,null
1388396196672,8ee0768bc541ec01ebf9a0c730eab6744dfc1508,1395666708103,1395666696477,11626,37.5123,-6.02722,1536,128,262144,"CC&C Technologies Inc."
1388396196672,1877f3e01b75c039e01ff3c8634379bb389e9be6,1395667257801,1395667257699,102,37.5123,-6.02722,1024,8,3145728,"Parrot SA"
1388396196672,c078df80fd482c150397180c87bd3f93d88713e5,1395668519339,1395668519237,102,37.5123,-6.02722,1024,4,2097152,"PARROT S.A."
1388396196672,cd891089181f188e8885556e3c49719b08902d30,1395669493989,1395669350400,143589,37.5123,-6.02722,1024,8,3145728,"Parrot SA"
1388396196672,a1ce8ee970b281f6bb81231596c3f96f3bfd731a,1395670415123,1395670415021,102,37.5123,-6.02722,1024,8,2097152,PRIVATE
1388396196672,dd0380dfdd1600b86138d2d82bb9267a466cc31c,1395684412718,1395684375853,36865,37.5123,-6.02722,512,4,5898240,null
1388396196672,cb45c0cb5d67842fdb657f3d59e752e77c3f7c64,1395684461986,1395684461885,101,37.5123,-6.02722,1024,8,2097152,null
1388396196672,038842e2080696d26d0a4774df4aa5da7c3abf23,1395685544365,1395685532750,11615,37.5123,-6.02722,512,4,5767168,"zte corporation"
1388396196672,dd0380dfdd1600b86138d2d82bb9267a466cc31c,1395686299517,1395686299414,103,37.5123,-6.02722,512,4,5898240,null
1388396196672,dd0380dfdd1600b86138d2d82bb9267a466cc31c,1395686550744,1395686550641,103,37.5123,-6.02722,512,4,5898240,null
1388396196672,ef264df8a68f95bcd80980840199835b25eeeb61,1395724922110,1395724922008,102,37.5123,-6.02722,512,12,5898240,"Clipcomm Inc."
1388396196672,a83cdb017de7e6aa48a7e5e886001c5ee32b8610,1395729139836,1395729139733,103,37.5123,-6.02722,512,12,5767168,null
1388396196672,e2ca81ecf0cfae91315d46188f1e30801be87c9b,1395731686705,1395731686603,102,37.5123,-6.02722,512,4,5898240,"Sony Ericsson Mobile Communications"
1388396196672,2483e82c074cf3f08bb5504b002ffb340f6d92eb,1395733198552,1395733198450,102,37.5123,-6.02722,512,4,5898240,null
1388396196672,2aba5ea3cd27a617b9629aa0b9d8e2e88d7a0610,1395734055410,1395734043795,11615,37.5123,-6.02722,512,4,5898240,"LG Electronics"
1388396196672,2aba5ea3cd27a617b9629aa0b9d8e2e88d7a0610,1395734166551,1395734118301,48250,37.5123,-6.02722,512,4,5898240,"LG Electronics"
1388396196672,2aba5ea3cd27a617b9629aa0b9d8e2e88d7a0610,1395735109331,1395734253504,855827,37.5123,-6.02722,512,4,5898240,"LG Electronics"
1388396196672,acc32e76030a54c1c42adc44de0573ef6c5e0aca,1395735002427,1395734990835,11592,37.5123,-6.02722,1024,8,2359296,"Parrot SA"
1388396196672,75103acc8506c8b9b59c2e748ded744c0597a42f,1395735097832,1395735013836,83996,37.5123,-6.02722,512,4,5898240,"LG Electronics"
1388396196672,e9bbe8bfbc4b30ab22ec240108de8ccfecd54941,1395735385550,1395735385448,102,37.5123,-6.02722,512,4,5898240,"Samsung Electronics"
1388396196672,51b7fa260c0c4d161677b79101e9072273e989a7,1395737630518,1395737089339,541179,37.5123,-6.02722,512,4,5898240,"Nokia Corporation"
1388396196672,c54da91ff252cba61b6754e49ed5936758ded1e7,1395737173426,1395737150307,23119,37.5123,-6.02722,512,12,5767168,null
1388396196672,43fb144af00676a5f052c7c628c8f10c31ca04c0,1395737161935,1395737150308,11627,37.5123,-6.02722,1024,8,3145728,"PARROT S.A."
1388396196672,267347b30ad25f0e775da1a2dfa55e7649d5df79,1395737606464,1395737606363,101,37.5123,-6.02722,512,4,5898240,null
1388396196672,51b7fa260c0c4d161677b79101e9072273e989a7,1395737927764,1395737718770,208994,37.5123,-6.02722,512,4,5898240,"Nokia Corporation"
1388396196672,e9bbe8bfbc4b30ab22ec240108de8ccfecd54941,1395737878267,1395737866649,11618,37.5123,-6.02722,512,4,5898240,"Samsung Electronics"
1388396196672,51b7fa260c0c4d161677b79101e9072273e989a7,1395738052674,1395738052572,102,37.5123,-6.02722,512,4,5898240,"Nokia Corporation"
1388396196672,51b7fa260c0c4d161677b79101e9072273e989a7,1395738240891,1395738240789,102,37.5123,-6.02722,512,4,5898240,"Nokia Corporation"
1388396196672,51b7fa260c0c4d161677b79101e9072273e989a7,1395738502530,1395738454234,48296,37.5123,-6.02722,512,4,5898240,"Nokia Corporation"
1388396196672,51b7fa260c0c4d161677b79101e9072273e989a7,1395738677887,1395738677785,102,37.5123,-6.02722,512,4,5898240,"Nokia Corporation"
1388396196672,fdd7b37bff8bf35f94867f2421cc90c04d4fbc7a,1395738714761,1395738714659,102,37.5123,-6.02722,1024,8,2097152,"PARROT S.A."
1388396196672,51b7fa260c0c4d161677b79101e9072273e989a7,1395738776632,1395738776529,103,37.5123,-6.02722,512,4,5898240,"Nokia Corporation"
1388396196672,51b7fa260c0c4d161677b79101e9072273e989a7,1395738887954,1395738876367,11587,37.5123,-6.02722,512,4,5898240,"Nokia Corporation"
1388396196672,b0c7193456b8fa41e320e3fec32bfba0f3c264ad,1395742330893,1395742330791,102,37.5123,-6.02722,512,4,5898240,"Nokia Corporation"
1388396196672,b0c7193456b8fa41e320e3fec32bfba0f3c264ad,1395742641890,1395742531491,110399,37.5123,-6.02722,512,4,5898240,"Nokia Corporation"
1388396196672,b0c7193456b8fa41e320e3fec32bfba0f3c264ad,1395742966651,1395742892903,73748,37.5123,-6.02722,512,4,5898240,"Nokia Corporation"
1388396196672,51b7fa260c0c4d161677b79101e9072273e989a7,1395743863461,1395743574750,288711,37.5123,-6.02722,512,4,5898240,"Nokia Corporation"
1388396196672,b88c5ce2286a003e15eea6995677ab120d498f23,1395744624001,1395744623898,103,37.5123,-6.02722,512,4,5898240,"LG Electronics"
1388396196672,dd3698f64ebd929ab021c3ed72edb7cee3e65d39,1395744837233,1395744812878,24355,37.5123,-6.02722,7936,0,0,"J Communications Co. Ltd."
1388396196672,371c126d14f1c2ec1e83ee0353147ccae83bbc89,1395745432631,1395745432530,101,37.5123,-6.02722,512,4,5898240,null
1388396196672,ab0ea3f9759647f22cda070ddf61b7e898235186,1395745670960,1395745659332,11628,37.5123,-6.02722,1024,8,3145728,"Parrot SA"
1388396196672,dd0380dfdd1600b86138d2d82bb9267a466cc31c,1395745998191,1395745809102,189089,37.5123,-6.02722,512,4,5898240,null
1388396196672,dd0380dfdd1600b86138d2d82bb9267a466cc31c,1395746135259,1395746123645,11614,37.5123,-6.02722,512,4,5898240,null
1388396196672,dd0380dfdd1600b86138d2d82bb9267a466cc31c,1395746333786,1395746298097,35689,37.5123,-6.02722,512,4,5898240,null
1388396196672,dd0380dfdd1600b86138d2d82bb9267a466cc31c,1395746444353,1395746421246,23107,37.5123,-6.02722,512,4,5898240,null
1388396196672,32424b367d5b05ecb6e1fcbd101d12a1e666a981,1395747785419,1395747773821,11598,37.5123,-6.02722,512,12,5898240,null
1388396196672,d899749aa8188b905f51ab2833dfda4bc550cf54,1395748152693,1395748152591,102,37.5123,-6.02722,512,4,5898240,"Nokia Corporation"
1388396196672,dd0380dfdd1600b86138d2d82bb9267a466cc31c,1395748201945,1395748201843,102,37.5123,-6.02722,512,4,5898240,null
1388396196672,9ebbe5b1a3ef047ae909fe8d397f72c8c410b68e,1395748566892,1395748566790,102,37.5123,-6.02722,512,4,5898240,"Samsung Electronics"
1388396196672,dd0380dfdd1600b86138d2d82bb9267a466cc31c,1395748857323,1395748857220,103,37.5123,-6.02722,512,4,5898240,null
1388396196672,dd0380dfdd1600b86138d2d82bb9267a466cc31c,1395749757728,1395749757626,102,37.5123,-6.02722,512,4,5898240,null
1388396196672,dd0380dfdd1600b86138d2d82bb9267a466cc31c,1395749931407,1395749895685,35722,37.5123,-6.02722,512,4,5898240,null
1388396196672,dd0380dfdd1600b86138d2d82bb9267a466cc31c,1395750043915,1395750043812,103,37.5123,-6.02722,512,4,5898240,null
1388396196672,dd0380dfdd1600b86138d2d82bb9267a466cc31c,1395750275126,1395750118581,156545,37.5123,-6.02722,512,4,5898240,null
1388396196672,3921ef760d9ffc0833cd05366db2fdca9cd8ee86,1395750616106,1395750616004,102,37.5123,-6.02722,1536,128,262144,"CC&C Technologies Inc."
1388396196672,9ebbe5b1a3ef047ae909fe8d397f72c8c410b68e,1395750765462,1395750753864,11598,37.5123,-6.02722,512,4,5898240,"Samsung Electronics"
1388396196672,b0c7193456b8fa41e320e3fec32bfba0f3c264ad,1395750878107,1395750878005,102,37.5123,-6.02722,512,4,5898240,"Nokia Corporation"
1388396196672,bee4607963d9815628b40cd2f6f0556b7de68845,1395751507232,1395751483050,24182,37.5123,-6.02722,512,4,5898240,null
1388396196672,bee4607963d9815628b40cd2f6f0556b7de68845,1395751808780,1395751808677,103,37.5123,-6.02722,512,4,5898240,null
1388396196672,a6f99d28039e4d52afe6648e433479f8d4fbf8cb,1395752728589,1395752034733,693856,37.5123,-6.02722,512,4,5898240,null
1388396196672,a6f99d28039e4d52afe6648e433479f8d4fbf8cb,1395752898856,1395752815878,82978,37.5123,-6.02722,512,4,5898240,null
1388396196672,a6f99d28039e4d52afe6648e433479f8d4fbf8cb,1395753035294,1395753023695,11599,37.5123,-6.02722,512,4,5898240,null
1388396196672,a6f99d28039e4d52afe6648e433479f8d4fbf8cb,1395753110125,1395753110022,103,37.5123,-6.02722,512,4,5898240,null
1388396196672,a6f99d28039e4d52afe6648e433479f8d4fbf8cb,1395753280191,1395753222361,57830,37.5123,-6.02722,512,4,5898240,null
1388396196672,bee4607963d9815628b40cd2f6f0556b7de68845,1395753291673,1395753291570,103,37.5123,-6.02722,512,4,5898240,null
1388396196672,038d990709328aa889d9d46606e979403c12b46c,1395755556587,1395755556485,102,37.5123,-6.02722,1024,8,2359296,"novero GmbH"
1388396196672,b02b1d886334bc8b2a77ad4cfbc5c0036d2a55a9,1395755794093,1395755782484,11609,37.5123,-6.02722,512,12,5898240,"Chi Mei Communication Systems Inc."
1388396196672,b02b1d886334bc8b2a77ad4cfbc5c0036d2a55a9,1395755983106,1395755983003,103,37.5123,-6.02722,512,12,5898240,"Chi Mei Communication Systems Inc."
1388396196672,9292d426fd3012f36fccfb410db2936a17db8d12,1395756157319,1395756145709,11610,37.5123,-6.02722,1024,8,2490368,"Garmin International"
1388396196672,3921ef760d9ffc0833cd05366db2fdca9cd8ee86,1395756357597,1395756357495,102,37.5123,-6.02722,1536,128,262144,"CC&C Technologies Inc."
1388396196672,9cbb038b3a321f392be31146d038087b4ede4874,1395757023813,1395757023711,102,37.5123,-6.02722,1024,8,2097152,"Parrot SA"
1388396196672,497829ae1552941db1f3665c72114efce9615db8,1395757994938,1395757994836,102,37.5123,-6.02722,512,4,5898240,"Nokia Corporation"
1388396196672,0f4f3d7d2664a3cedf2097aa62a3c5cb057de2b9,1395760948784,1395760948681,103,37.5123,-6.02722,512,4,5242880,MOTOROLA
1388396196672,1a665caa6a69af4445de31a0e5b577f36db70d0b,1395761265096,1395761264994,102,37.5123,-6.02722,512,4,5898240,"Nokia Danmark A/S"
1388396196672,f9cf704c8ae33c124cc196ec9d8e6599acb18fa0,1395762500638,1395762427731,72907,37.5123,-6.02722,512,4,5898240,"Nokia Corporation"
1388396196672,671caf76e2ec4c482cd7d9edd658f7ac98aa3fbb,1395763133245,1395763095300,37945,37.5123,-6.02722,512,4,5373952,null
1388396196672,671caf76e2ec4c482cd7d9edd658f7ac98aa3fbb,1395763384478,1395763384376,102,37.5123,-6.02722,512,4,5373952,null
1388396196672,671caf76e2ec4c482cd7d9edd658f7ac98aa3fbb,1395763534422,1395763534319,103,37.5123,-6.02722,512,4,5373952,null
1388396196672,671caf76e2ec4c482cd7d9edd658f7ac98aa3fbb,1395763747578,1395763747476,102,37.5123,-6.02722,512,4,5373952,null
1388396196672,671caf76e2ec4c482cd7d9edd658f7ac98aa3fbb,1395764246611,1395764174153,72458,37.5123,-6.02722,512,4,5373952,null
1388396196672,cb1b6a50270768294ba75ceab444a79917d03ad8,1395764197273,1395764197172,101,37.5123,-6.02722,1024,8,2097152,"PARROT S.A."
1388396196672,038842e2080696d26d0a4774df4aa5da7c3abf23,1395764482793,1395764459703,23090,37.5123,-6.02722,512,4,5767168,"zte corporation"
1388396196672,671caf76e2ec4c482cd7d9edd658f7ac98aa3fbb,1395764531032,1395764519434,11598,37.5123,-6.02722,512,4,5373952,null
1388396196672,165caaf3b6234d4effb3745d6e0d48de0b6ec97b,1395765376298,1395765340558,35740,37.5123,-6.02722,512,4,5767168,"Sony Ericsson Mobile Communications AB"
1388396196672,dd0380dfdd1600b86138d2d82bb9267a466cc31c,1395765727762,1395765716141,11621,37.5123,-6.02722,512,4,5898240,null
1388396196672,f3339599a4ea19347d4edbda899881fce5dfba17,1395765827876,1395765827774,102,37.5123,-6.02722,1024,4,2097152,"PARROT S.A."
1388396196672,e9bbe8bfbc4b30ab22ec240108de8ccfecd54941,1395767355887,1395767355785,102,37.5123,-6.02722,512,4,5898240,"Samsung Electronics"
1388396196672,671caf76e2ec4c482cd7d9edd658f7ac98aa3fbb,1395767972811,1395767972709,102,37.5123,-6.02722,512,4,5373952,null
1388396196672,671caf76e2ec4c482cd7d9edd658f7ac98aa3fbb,1395768058684,1395768047063,11621,37.5123,-6.02722,512,4,5373952,null
1388396196672,c54da91ff252cba61b6754e49ed5936758ded1e7,1395770157288,1395770157185,103,37.5123,-6.02722,512,12,5767168,null
1388396196672,75103acc8506c8b9b59c2e748ded744c0597a42f,1395771180876,1395771180773,103,37.5123,-6.02722,512,4,5898240,"LG Electronics"
1388396196672,038842e2080696d26d0a4774df4aa5da7c3abf23,1395772847590,1395772835659,11931,37.5123,-6.02722,512,4,5767168,"zte corporation"
1388396196672,671caf76e2ec4c482cd7d9edd658f7ac98aa3fbb,1395773501183,1395773501080,103,37.5123,-6.02722,512,4,5373952,null
1388396196672,dd0380dfdd1600b86138d2d82bb9267a466cc31c,1395774095620,1395773891314,204306,37.5123,-6.02722,512,4,5898240,null
1388396196672,dd0380dfdd1600b86138d2d82bb9267a466cc31c,1395774194270,1395774182653,11617,37.5123,-6.02722,512,4,5898240,null
1388396196672,dd0380dfdd1600b86138d2d82bb9267a466cc31c,1395774329590,1395774268620,60970,37.5123,-6.02722,512,4,5898240,null
1388396196672,dd0380dfdd1600b86138d2d82bb9267a466cc31c,1395774523678,1395774441675,82003,37.5123,-6.02722,512,4,5898240,null
1388396196672,dd0380dfdd1600b86138d2d82bb9267a466cc31c,1395774598102,1395774597999,103,37.5123,-6.02722,512,4,5898240,null
1388396196672,e41d3b204f5c7615db77da36c91e70d8a47442e9,1395775807615,1395775807513,102,37.5123,-6.02722,512,4,5898240,"Nokia Corporation"
1388396196672,76939e312368f09800441b4d74eb70e890d538f2,1395778179782,1395778168189,11593,37.5123,-6.02722,512,4,5898240,null
1388396196672,b0c7193456b8fa41e320e3fec32bfba0f3c264ad,1395778947735,1395778947632,103,37.5123,-6.02722,512,4,5898240,"Nokia Corporation"
1388396196672,b0c7193456b8fa41e320e3fec32bfba0f3c264ad,1395783422220,1395783422118,102,37.5123,-6.02722,512,4,5898240,"Nokia Corporation"
1388396196672,ba1060dfcda2532a3d031b5a71e1d28f513bba7a,1395817393918,1395817393815,103,37.5123,-6.02722,1024,8,2097152,"BACHMANN ELECTRONIC GmbH"
1388396196672,e70136c2a77e41017ca9698656923add514a6c5e,1395818007016,1395818006914,102,37.5123,-6.02722,1024,8,2097152,"PARROT S.A."
1388396196672,0b8ab54343456a966bf1d0ac33189a7a2aac2752,1395819322346,1395819322243,103,37.5123,-6.02722,1024,8,2097152,"CISCO SYSTEMS INC."
1388396196672,108d48248823b7b11eb4ff57ccac8cbe277788cb,1395821420056,1395821419954,102,37.5123,-6.02722,512,4,5898240,null
1388396196672,792dd2c184dab0c2991b1e97305b87b0a8284541,1395821494509,1395821494407,102,37.5123,-6.02722,1024,8,2097152,"ZF MICROSYSTEMS INC."
1388396196672,dd0380dfdd1600b86138d2d82bb9267a466cc31c,1395821603566,1395821568929,34637,37.5123,-6.02722,512,4,5898240,null
1388396196672,d899749aa8188b905f51ab2833dfda4bc550cf54,1395822613165,1395822613062,103,37.5123,-6.02722,512,4,5898240,"Nokia Corporation"
1388396196672,fa1d502cfd0771be7725391851fed57ae82b73d2,1395822852014,1395822851912,102,37.5123,-6.02722,512,12,5767168,null
1388396196672,c54da91ff252cba61b6754e49ed5936758ded1e7,1395823344215,1395823344112,103,37.5123,-6.02722,512,12,5767168,null
1388396196672,51b7fa260c0c4d161677b79101e9072273e989a7,1395824145643,1395824087683,57960,37.5123,-6.02722,512,4,5898240,"Nokia Corporation"
1388396196672,9b7015fa2c1fba9784aeb2627c7d2e2fa50e259d,1395824409251,1395824409149,102,37.5123,-6.02722,512,4,5373952,null
1388396196672,a57e9cf6f3f4387b663df2ad9b7c07d39baabfe2,1395825354606,1395825343028,11578,37.5123,-6.02722,512,4,5373952,"Samsung Electronics"
1388396196672,23c2c9a24130c94be164e4835e55452d1353a3c4,1395825354606,1395825354503,103,37.5123,-6.02722,512,12,5898240,"Nokia Corporation"
1388396196672,863e63aa629721cc85ec50ae9aefa90357eaf2fa,1395825498215,1395825391229,106986,37.5123,-6.02722,512,4,5898240,"Samsung Electronics Co.Ltd"
1388396196672,a57e9cf6f3f4387b663df2ad9b7c07d39baabfe2,1395826155132,1395826143546,11586,37.5123,-6.02722,512,4,5373952,"Samsung Electronics"
1388396196672,23c2c9a24130c94be164e4835e55452d1353a3c4,1395826155132,1395826143547,11585,37.5123,-6.02722,512,12,5898240,"Nokia Corporation"
1388396196672,9b7015fa2c1fba9784aeb2627c7d2e2fa50e259d,1395826354880,1395826343249,11631,37.5123,-6.02722,512,4,5373952,null
1388396196672,9b7015fa2c1fba9784aeb2627c7d2e2fa50e259d,1395826441267,1395826429643,11624,37.5123,-6.02722,512,4,5373952,null
1388396196672,dd0380dfdd1600b86138d2d82bb9267a466cc31c,1395826831954,1395826820365,11589,37.5123,-6.02722,512,4,5898240,null
1388396196672,863e63aa629721cc85ec50ae9aefa90357eaf2fa,1395828132759,1395828132656,103,37.5123,-6.02722,512,4,5898240,"Samsung Electronics Co.Ltd"
1388396196672,3b406aad9c41bfd029ea9cd1e46e8d0c3f71f4c8,1395828991778,1395828991676,102,37.5123,-6.02722,1024,8,3145728,"PARROT S.A."
1388396196672,2aba5ea3cd27a617b9629aa0b9d8e2e88d7a0610,1395831365702,1395831365600,102,37.5123,-6.02722,512,4,5898240,"LG Electronics"
1388396196672,863e63aa629721cc85ec50ae9aefa90357eaf2fa,1395831778097,1395831777995,102,37.5123,-6.02722,512,4,5898240,"Samsung Electronics Co.Ltd"
1388396196672,d15fe3e62eb31f77f7fa378e531c1b2d7bed32f5,1395832063863,1395832029276,34587,37.5123,-6.02722,512,4,5898240,"Samsung Electronics"
1388396196672,d15fe3e62eb31f77f7fa378e531c1b2d7bed32f5,1395832321033,1395832165389,155644,37.5123,-6.02722,512,4,5898240,"Samsung Electronics"
1388396196672,863e63aa629721cc85ec50ae9aefa90357eaf2fa,1395832177012,1395832176910,102,37.5123,-6.02722,512,4,5898240,"Samsung Electronics Co.Ltd"
1388396196672,bad53967a61620de9dce7add69792ec0c83941ac,1395832610537,1395832610435,102,37.5123,-6.02722,512,4,5898240,"Nokia Corporation"
1388396196672,a0f3d370e513e08243dc30a350110a5d708c8dd2,1395832659856,1395832659754,102,37.5123,-6.02722,1024,8,3145728,"Parrot SA"
1388396196672,b0c7193456b8fa41e320e3fec32bfba0f3c264ad,1395833123469,1395832999657,123812,37.5123,-6.02722,512,4,5898240,"Nokia Corporation"
1388396196672,b0c7193456b8fa41e320e3fec32bfba0f3c264ad,1395833221371,1395833198261,23110,37.5123,-6.02722,512,4,5898240,"Nokia Corporation"
1388396196672,b0c7193456b8fa41e320e3fec32bfba0f3c264ad,1395833497336,1395833434999,62337,37.5123,-6.02722,512,4,5898240,"Nokia Corporation"
1388396196672,b0c7193456b8fa41e320e3fec32bfba0f3c264ad,1395833621573,1395833584358,37215,37.5123,-6.02722,512,4,5898240,"Nokia Corporation"
1388396196672,b0c7193456b8fa41e320e3fec32bfba0f3c264ad,1395833745996,1395833734369,11627,37.5123,-6.02722,512,4,5898240,"Nokia Corporation"
1388396196672,dd0380dfdd1600b86138d2d82bb9267a466cc31c,1395834656220,1395834656118,102,37.5123,-6.02722,512,4,5898240,null
1388396196672,dd0380dfdd1600b86138d2d82bb9267a466cc31c,1395834768597,1395834768495,102,37.5123,-6.02722,512,4,5898240,null
1388396196672,b0c7193456b8fa41e320e3fec32bfba0f3c264ad,1395834792736,1395834792634,102,37.5123,-6.02722,512,4,5898240,"Nokia Corporation"
1388396196672,4c865671fb138b8f6f8495d0e197cf6929e90e85,1395834828343,1395834816741,11602,37.5123,-6.02722,1024,8,3145728,"Parrot SA"
1388396196672,dd0380dfdd1600b86138d2d82bb9267a466cc31c,1395835011673,1395834941066,70607,37.5123,-6.02722,512,4,5898240,null
1388396196672,b0c7193456b8fa41e320e3fec32bfba0f3c264ad,1395834952664,1395834952561,103,37.5123,-6.02722,512,4,5898240,"Nokia Corporation"
1388396196672,45ded6ff66ba66830cea3c9ea7e87d047562813d,1395835076428,1395835076326,102,37.5123,-6.02722,1024,8,3145728,"Parrot SA"
1388396196672,b0c7193456b8fa41e320e3fec32bfba0f3c264ad,1395835365908,1395835365805,103,37.5123,-6.02722,512,4,5898240,"Nokia Corporation"
1388396196672,a6f99d28039e4d52afe6648e433479f8d4fbf8cb,1395835871424,1395835871322,102,37.5123,-6.02722,512,4,5898240,null
1388396196672,a6f99d28039e4d52afe6648e433479f8d4fbf8cb,1395836841608,1395836021421,820187,37.5123,-6.02722,512,4,5898240,null
1388396196672,863e63aa629721cc85ec50ae9aefa90357eaf2fa,1395836244404,1395836045528,198876,37.5123,-6.02722,512,4,5898240,"Samsung Electronics Co.Ltd"
1388396196672,ac3a9fd13e41cbfaa4be90724a4fb87f3cf6b332,1395836292611,1395836292508,103,37.5123,-6.02722,7936,0,0,"Free2move AB"
1388396196672,a6f99d28039e4d52afe6648e433479f8d4fbf8cb,1395838542268,1395836928997,1613271,37.5123,-6.02722,512,4,5898240,null
1388396196672,a6f99d28039e4d52afe6648e433479f8d4fbf8cb,1395838970758,1395838617163,353595,37.5123,-6.02722,512,4,5898240,null
1388396196672,b6bef287eb3ca82a11686ced8a27b7419582f601,1395838853127,1395838853023,104,37.5123,-6.02722,512,4,5898240,null
1388396196672,a6f99d28039e4d52afe6648e433479f8d4fbf8cb,1395839552054,1395839045819,506235,37.5123,-6.02722,512,4,5898240,null
1388396196672,a6f99d28039e4d52afe6648e433479f8d4fbf8cb,1395839930667,1395839626488,304179,37.5123,-6.02722,512,4,5898240,null
1388396196672,57a43d75907f4465e10b1d0b41068c7df2c5f821,1395839768449,1395839768347,102,37.5123,-6.02722,1024,8,2097152,"Infineon AG"
1388396196672,a6f99d28039e4d52afe6648e433479f8d4fbf8cb,1395840126128,1395840017704,108424,37.5123,-6.02722,512,4,5898240,null
1388396196672,a83cdb017de7e6aa48a7e5e886001c5ee32b8610,1395840150233,1395840150130,103,37.5123,-6.02722,512,12,5767168,null
1388396196672,a6f99d28039e4d52afe6648e433479f8d4fbf8cb,1395840422530,1395840249932,172598,37.5123,-6.02722,512,4,5898240,null
1388396196672,a6f99d28039e4d52afe6648e433479f8d4fbf8cb,1395840733976,1395840560345,173631,37.5123,-6.02722,512,4,5898240,null
1388396196672,a6f99d28039e4d52afe6648e433479f8d4fbf8cb,1395840858193,1395840846571,11622,37.5123,-6.02722,512,4,5898240,null
1388396196672,e60c0c44a7b2e540edcd2667707febe661dffc6e,1395840920069,1395840919967,102,37.5123,-6.02722,512,4,5898240,null
1388396196672,a6f99d28039e4d52afe6648e433479f8d4fbf8cb,1395841075111,1395840944056,131055,37.5123,-6.02722,512,4,5898240,null
1388396196672,a6f99d28039e4d52afe6648e433479f8d4fbf8cb,1395841333035,1395841227191,105844,37.5123,-6.02722,512,4,5898240,null
1388396196672,a6f99d28039e4d52afe6648e433479f8d4fbf8cb,1395841445728,1395841445625,103,37.5123,-6.02722,512,4,5898240,null
1388396196672,a6f99d28039e4d52afe6648e433479f8d4fbf8cb,1395841834767,1395841594293,240474,37.5123,-6.02722,512,4,5898240,null
1388396196672,24b50d08439520c062234cc68bfad222f8b80640,1395841750512,1395841750410,102,37.5123,-6.02722,512,12,7995392,RIM
1388396196672,a6f99d28039e4d52afe6648e433479f8d4fbf8cb,1395841909235,1395841909132,103,37.5123,-6.02722,512,4,5898240,null
1388396196672,f0023ef3bdf6bb2a05baa5eb3e7f2ac5289b6f45,1395842756407,1395842756304,103,37.5123,-6.02722,1024,4,2097152,"PARROT S.A."
1388396196672,ab0ea3f9759647f22cda070ddf61b7e898235186,1395843968733,1395843968631,102,37.5123,-6.02722,1024,8,3145728,"Parrot SA"
1388396196672,2aba5ea3cd27a617b9629aa0b9d8e2e88d7a0610,1395845521768,1395845498310,23458,37.5123,-6.02722,512,4,5898240,"LG Electronics"
1388396196672,75103acc8506c8b9b59c2e748ded744c0597a42f,1395846102783,1395846102681,102,37.5123,-6.02722,512,4,5898240,"LG Electronics"
1388396196672,9447ed5a26726cb959ade786bf81b876b8ef1d04,1395846735523,1395846735421,102,37.5123,-6.02722,1024,8,2359296,"novero GmbH"
1388396196672,aa3cf4ff12ffb495ac76829d455e7bb63a0bc91c,1395847595298,1395847583687,11611,37.5123,-6.02722,512,12,7995392,RIM
1388396196672,aa3cf4ff12ffb495ac76829d455e7bb63a0bc91c,1395847832814,1395847784512,48302,37.5123,-6.02722,512,12,7995392,RIM
1388396196672,aa3cf4ff12ffb495ac76829d455e7bb63a0bc91c,1395848041573,1395847919787,121786,37.5123,-6.02722,512,12,7995392,RIM
1388396196672,aa3cf4ff12ffb495ac76829d455e7bb63a0bc91c,1395848360681,1395848116145,244536,37.5123,-6.02722,512,12,7995392,RIM
1388396196672,328826edd1ef5b34cd48bc36b9df97839346bb8a,1395848852279,1395848840671,11608,37.5123,-6.02722,512,4,5898240,null
1388396196672,0b93c2b34f1a605262303f13e3ef5b135e2259b1,1395849624485,1395849624382,103,37.5123,-6.02722,1024,8,2359296,"Parrot SA"
1388396196672,75103acc8506c8b9b59c2e748ded744c0597a42f,1395849749137,1395849737498,11639,37.5123,-6.02722,512,4,5898240,"LG Electronics"
1388396196672,78670301d36b8956c554c97486eea1994e52154d,1395849773386,1395849773284,102,37.5123,-6.02722,512,12,5898240,"Nokia Corporation"
1388396196672,75103acc8506c8b9b59c2e748ded744c0597a42f,1395850020463,1395849925948,94515,37.5123,-6.02722,512,4,5898240,"LG Electronics"
1388396196672,f9cf704c8ae33c124cc196ec9d8e6599acb18fa0,1395849997412,1395849997309,103,37.5123,-6.02722,512,4,5898240,"Nokia Corporation"
1388396196672,f9cf704c8ae33c124cc196ec9d8e6599acb18fa0,1395850195249,1395850183629,11620,37.5123,-6.02722,512,4,5898240,"Nokia Corporation"
1388396196672,1686a34e5785e7377519d4785bb75802ab44ed99,1395850296961,1395850296858,103,37.5123,-6.02722,1024,4,2097152,"PARROT S.A."
1388396196672,038842e2080696d26d0a4774df4aa5da7c3abf23,1395850905374,1395850905271,103,37.5123,-6.02722,512,4,5767168,"zte corporation"
1388396196672,038842e2080696d26d0a4774df4aa5da7c3abf23,1395851069253,1395851069150,103,37.5123,-6.02722,512,4,5767168,"zte corporation"
1388396196672,dd0380dfdd1600b86138d2d82bb9267a466cc31c,1395851509229,1395851461973,47256,37.5123,-6.02722,512,4,5898240,null
1388396196672,3bf6ce9f18f9bb757da7ce7044fadffb16e0f1ef,1395851509229,1395851509126,103,37.5123,-6.02722,1024,8,3145728,"Parrot SA"
1388396196672,e1bfd7eaf171c41d1710059b093d429f4fd60799,1395854673251,1395854648998,24253,37.5123,-6.02722,512,4,5898240,"LG Electronics Inc"
1388396196672,b17e7a42b144beffb66e36afd2350855066dc953,1395854824023,1395854823920,103,37.5123,-6.02722,1024,8,3407872,"Infineon AG"
1388396196672,2aba5ea3cd27a617b9629aa0b9d8e2e88d7a0610,1395854848277,1395854848175,102,37.5123,-6.02722,512,4,5898240,"LG Electronics"
1388396196672,671caf76e2ec4c482cd7d9edd658f7ac98aa3fbb,1395854934936,1395854923348,11588,37.5123,-6.02722,512,4,5373952,null
1388396196672,e1bfd7eaf171c41d1710059b093d429f4fd60799,1395855466234,1395855466132,102,37.5123,-6.02722,512,4,5898240,"LG Electronics Inc"
1388396196672,e1bfd7eaf171c41d1710059b093d429f4fd60799,1395855940198,1395855940095,103,37.5123,-6.02722,512,4,5898240,"LG Electronics Inc"
1388396196672,328826edd1ef5b34cd48bc36b9df97839346bb8a,1395856089313,1395856077665,11648,37.5123,-6.02722,512,4,5898240,null
1388396196672,c54da91ff252cba61b6754e49ed5936758ded1e7,1395858328688,1395858328586,102,37.5123,-6.02722,512,12,5767168,null
1388396196672,e1bfd7eaf171c41d1710059b093d429f4fd60799,1395858454540,1395858454437,103,37.5123,-6.02722,512,4,5898240,"LG Electronics Inc"
1388396196672,038842e2080696d26d0a4774df4aa5da7c3abf23,1395859073281,1395859061659,11622,37.5123,-6.02722,512,4,5767168,"zte corporation"
1388396196672,e1bfd7eaf171c41d1710059b093d429f4fd60799,1395859555504,1395859543877,11627,37.5123,-6.02722,512,4,5898240,"LG Electronics Inc"
1388396196672,e1bfd7eaf171c41d1710059b093d429f4fd60799,1395861084126,1395861084023,103,37.5123,-6.02722,512,4,5898240,"LG Electronics Inc"
1388396196672,028766610f0b18df02ad674bab62805e22933eb7,1395865937185,1395865937083,102,37.5123,-6.02722,512,4,5898240,null
1388396196672,efb7055adf1a421a0dd4ea6b7482727c4b254726,1395897780836,1395897780734,102,37.5123,-6.02722,512,4,5898240,null
1388396196672,028fc6a180cd67246b431fa625e66c6a4826a43a,1395900600195,1395900587526,12669,37.5123,-6.02722,512,4,5373952,"Samsung Electronics Co.Ltd"
1388396196672,67ceaf0dfab4189c89e362e0de1ba1ff440400cb,1395902127607,1395902127504,103,37.5123,-6.02722,1024,8,2097152,"Garmin International"
1388396196672,0fb274d7607167dce01667fe531a4bc9c4e70dad,1395903037383,1395903037281,102,37.5123,-6.02722,1024,8,2359296,"Parrot SA"
1388396196672,b17e7a42b144beffb66e36afd2350855066dc953,1395904924083,1395904923980,103,37.5123,-6.02722,1024,8,3407872,"Infineon AG"
1388396196672,3921ef760d9ffc0833cd05366db2fdca9cd8ee86,1395905276911,1395905276808,103,37.5123,-6.02722,1536,128,262144,"CC&C Technologies Inc."
1388396196672,d899749aa8188b905f51ab2833dfda4bc550cf54,1395905824778,1395905666892,157886,37.5123,-6.02722,512,4,5898240,"Nokia Corporation"
1388396196672,d899749aa8188b905f51ab2833dfda4bc550cf54,1395906037295,1395905987859,49436,37.5123,-6.02722,512,4,5898240,"Nokia Corporation"
1388396196672,2aba5ea3cd27a617b9629aa0b9d8e2e88d7a0610,1395906416026,1395906415924,102,37.5123,-6.02722,512,4,5898240,"LG Electronics"
1388396196672,ab0ea3f9759647f22cda070ddf61b7e898235186,1395906756819,1395906756716,103,37.5123,-6.02722,1024,8,3145728,"Parrot SA"
1388396196672,2aba5ea3cd27a617b9629aa0b9d8e2e88d7a0610,1395907261524,1395907261422,102,37.5123,-6.02722,512,4,5898240,"LG Electronics"
1388396196672,2aba5ea3cd27a617b9629aa0b9d8e2e88d7a0610,1395907938463,1395907349111,589352,37.5123,-6.02722,512,4,5898240,"LG Electronics"
1388396196672,2780cd25cfc0b378067cfe0f91e5862618ae70e1,1395907360715,1395907360612,103,37.5123,-6.02722,1024,8,3145728,"PARROT S.A."
1388396196672,75103acc8506c8b9b59c2e748ded744c0597a42f,1395907795415,1395907724535,70880,37.5123,-6.02722,512,4,5898240,"LG Electronics"
1388396196672,adb398d91f47816d3ff01f3f388cffe4463920fc,1395907938463,1395907938360,103,37.5123,-6.02722,512,4,5373952,null
1388396196672,acc32e76030a54c1c42adc44de0573ef6c5e0aca,1395908091869,1395908091762,107,37.5123,-6.02722,1024,8,2359296,"Parrot SA"
1388396196672,2664a19e81ae5791e5cfc713b595e1ba31fedad5,1395908152119,1395908128464,23655,37.5123,-6.02722,512,4,5373952,"Samsung Electronics"
1388396196672,e9bbe8bfbc4b30ab22ec240108de8ccfecd54941,1395908163619,1395908140501,23118,37.5123,-6.02722,512,4,5898240,"Samsung Electronics"
1388396196672,2664a19e81ae5791e5cfc713b595e1ba31fedad5,1395908440546,1395908428931,11615,37.5123,-6.02722,512,4,5373952,"Samsung Electronics"
1388396196672,f396910f37e71773e00bbfe49db9225483df9aaf,1395908703048,1395908679478,23570,37.5123,-6.02722,512,4,5898240,"Sony Ericsson Mobile Communications AB"
1388396196672,fa1d502cfd0771be7725391851fed57ae82b73d2,1395908853125,1395908853023,102,37.5123,-6.02722,512,12,5767168,null
1388396196672,e9bbe8bfbc4b30ab22ec240108de8ccfecd54941,1395909359970,1395909336858,23112,37.5123,-6.02722,512,4,5898240,"Samsung Electronics"
1388396196672,9e45d6df4ce13174cb3a87c052cb25f8e607e96d,1395910129453,1395910117835,11618,37.5123,-6.02722,512,12,5898240,null
1388396196672,ac3a9fd13e41cbfaa4be90724a4fb87f3cf6b332,1395911065323,1395911065221,102,37.5123,-6.02722,7936,0,0,"Free2move AB"
1388396196672,022f2dd89425c16b3f749e348fb1ec1f12260289,1395911774669,1395911774567,102,37.5123,-6.02722,1024,8,2359296,"Parrot SA"
1388396196672,9e45d6df4ce13174cb3a87c052cb25f8e607e96d,1395912625340,1395912625238,102,37.5123,-6.02722,512,12,5898240,null
1388396196672,b0c7193456b8fa41e320e3fec32bfba0f3c264ad,1395914650804,1395914650702,102,37.5123,-6.02722,512,4,5898240,"Nokia Corporation"
1388396196672,371c126d14f1c2ec1e83ee0353147ccae83bbc89,1395914826608,1395914826505,103,37.5123,-6.02722,512,4,5898240,null
1388396196672,b0c7193456b8fa41e320e3fec32bfba0f3c264ad,1395915025993,1395914977098,48895,37.5123,-6.02722,512,4,5898240,"Nokia Corporation"
1388396196672,55ce1477e3a5ee769a4c4373dcbca9d58de47c27,1395915075303,1395915075201,102,37.5123,-6.02722,512,12,7995392,RIM
1388396196672,dd0380dfdd1600b86138d2d82bb9267a466cc31c,1395915603378,1395915591768,11610,37.5123,-6.02722,512,4,5898240,null
1388396196672,51b7fa260c0c4d161677b79101e9072273e989a7,1395915880736,1395915880634,102,37.5123,-6.02722,512,4,5898240,"Nokia Corporation"
1388396196672,2aba5ea3cd27a617b9629aa0b9d8e2e88d7a0610,1395916976686,1395916778957,197729,37.5123,-6.02722,512,4,5898240,"LG Electronics"
1388396196672,51b7fa260c0c4d161677b79101e9072273e989a7,1395917595236,1395917595133,103,37.5123,-6.02722,512,4,5898240,"Nokia Corporation"
1388396196672,51b7fa260c0c4d161677b79101e9072273e989a7,1395917847297,1395917847194,103,37.5123,-6.02722,512,4,5898240,"Nokia Corporation"
1388396196672,371c126d14f1c2ec1e83ee0353147ccae83bbc89,1395917847297,1395917847194,103,37.5123,-6.02722,512,4,5898240,null
1388396196672,51b7fa260c0c4d161677b79101e9072273e989a7,1395917934483,1395917934380,103,37.5123,-6.02722,512,4,5898240,"Nokia Corporation"
1388396196672,51b7fa260c0c4d161677b79101e9072273e989a7,1395918070903,1395918059316,11587,37.5123,-6.02722,512,4,5898240,"Nokia Corporation"
1388396196672,2aba5ea3cd27a617b9629aa0b9d8e2e88d7a0610,1395918317240,1395918247017,70223,37.5123,-6.02722,512,4,5898240,"LG Electronics"
1388396196672,51b7fa260c0c4d161677b79101e9072273e989a7,1395918258624,1395918258522,102,37.5123,-6.02722,512,4,5898240,"Nokia Corporation"
1388396196672,51b7fa260c0c4d161677b79101e9072273e989a7,1395918341951,1395918341848,103,37.5123,-6.02722,512,4,5898240,"Nokia Corporation"
1388396196672,2aba5ea3cd27a617b9629aa0b9d8e2e88d7a0610,1395918480163,1395918480060,103,37.5123,-6.02722,512,4,5898240,"LG Electronics"
1388396196672,0a1355795201fdd4d57a5823b01603b80c6f620f,1395919516877,1395919516775,102,37.5123,-6.02722,1024,8,3145728,"Parrot SA"
1388396196672,cc3dfb3019d15a94bb40ecbb5079152383857ad1,1395919795402,1395919795299,103,37.5123,-6.02722,1024,8,3407872,"Infineon AG"
1388396196672,b0c7193456b8fa41e320e3fec32bfba0f3c264ad,1395920464915,1395920453304,11611,37.5123,-6.02722,512,4,5898240,"Nokia Corporation"
1388396196672,e7fe7e96c8f90192e367d5c8077ad125b5af6412,1395920526841,1395920526739,102,37.5123,-6.02722,1024,8,2097152,"Parrot SA"
1388396196672,dd0380dfdd1600b86138d2d82bb9267a466cc31c,1395920677875,1395920677772,103,37.5123,-6.02722,512,4,5898240,null
1388396196672,dd0380dfdd1600b86138d2d82bb9267a466cc31c,1395920752400,1395920752297,103,37.5123,-6.02722,512,4,5898240,null
1388396196672,dd0380dfdd1600b86138d2d82bb9267a466cc31c,1395921540679,1395920826912,713767,37.5123,-6.02722,512,4,5898240,null
1388396196672,dd0380dfdd1600b86138d2d82bb9267a466cc31c,1395921908524,1395921768125,140399,37.5123,-6.02722,512,4,5898240,null
1388396196672,51b7fa260c0c4d161677b79101e9072273e989a7,1395921981975,1395921838227,143748,37.5123,-6.02722,512,4,5898240,"Nokia Corporation"
1388396196672,3d2e321ec35a191dd193fab107871686d2e24f98,1395922145403,1395922145301,102,37.5123,-6.02722,1024,8,3407872,"Infineon AG"
1388396196672,51b7fa260c0c4d161677b79101e9072273e989a7,1395922570744,1395922170004,400740,37.5123,-6.02722,512,4,5898240,"Nokia Corporation"
1388396196672,dd0380dfdd1600b86138d2d82bb9267a466cc31c,1395922735133,1395922524596,210537,37.5123,-6.02722,512,4,5898240,null
1388396196672,51b7fa260c0c4d161677b79101e9072273e989a7,1395922666035,1395922665932,103,37.5123,-6.02722,512,4,5898240,"Nokia Corporation"
1388396196672,51b7fa260c0c4d161677b79101e9072273e989a7,1395922746624,1395922746521,103,37.5123,-6.02722,512,4,5898240,"Nokia Corporation"
1388396196672,9ebbe5b1a3ef047ae909fe8d397f72c8c410b68e,1395923558635,1395923558533,102,37.5123,-6.02722,512,4,5898240,"Samsung Electronics"
1388396196672,b16b9076854a43571db1598c55a2fe45e2c07859,1395925169379,1395925169277,102,37.5123,-6.02722,512,4,5898240,"Nokia Corporation"
1388396196672,a6f99d28039e4d52afe6648e433479f8d4fbf8cb,1395925346999,1395925231880,115119,37.5123,-6.02722,512,4,5898240,null
1388396196672,9ebbe5b1a3ef047ae909fe8d397f72c8c410b68e,1395926787503,1395926775905,11598,37.5123,-6.02722,512,4,5898240,"Samsung Electronics"
1388396196672,8ee0768bc541ec01ebf9a0c730eab6744dfc1508,1395926798993,1395926787400,11593,37.5123,-6.02722,1536,128,262144,"CC&C Technologies Inc."
1388396196672,7932638f54ef079bca98537bbfa508862f9b3608,1395928035583,1395928035481,102,37.5123,-6.02722,1536,128,262144,"CC&C Technologies Inc."
1388396196672,15f0daf6c7e32003b78490941c04e87053a6faf5,1395928719008,1395928718906,102,37.5123,-6.02722,1024,4,2097152,"PARROT S.A."
1388396196672,a6f99d28039e4d52afe6648e433479f8d4fbf8cb,1395929550194,1395929526509,23685,37.5123,-6.02722,512,4,5898240,null
1388396196672,a6f99d28039e4d52afe6648e433479f8d4fbf8cb,1395929647718,1395929624612,23106,37.5123,-6.02722,512,4,5898240,null
1388396196672,adb398d91f47816d3ff01f3f388cffe4463920fc,1395930429259,1395930429156,103,37.5123,-6.02722,512,4,5373952,null
1388396196672,123aec2ad8bfe7461a5b9e3289220d8dc078e9bd,1395931213251,1395931213149,102,37.5123,-6.02722,1024,8,2097152,"PARROT S.A."
1388396196672,9292d426fd3012f36fccfb410db2936a17db8d12,1395931628861,1395931628759,102,37.5123,-6.02722,1024,8,2490368,"Garmin International"
1388396196672,51b7fa260c0c4d161677b79101e9072273e989a7,1395931941863,1395931930257,11606,37.5123,-6.02722,512,4,5898240,"Nokia Corporation"
1388396196672,346cd92f4039c7674dd0b92aa4958c45478b6daa,1395931930360,1395931930258,102,37.5123,-6.02722,1024,4,2097152,"ATO Technology Ltd."
1388396196672,0eb0e9a0466be194b5983e11fd471a11e7bd9e08,1395932281635,1395932281533,102,37.5123,-6.02722,1024,8,3145728,"Parrot SA"
1388396196672,497829ae1552941db1f3665c72114efce9615db8,1395932470916,1395932470814,102,37.5123,-6.02722,512,4,5898240,"Nokia Corporation"
1388396196672,7932638f54ef079bca98537bbfa508862f9b3608,1395932936888,1395932936786,102,37.5123,-6.02722,1536,128,262144,"CC&C Technologies Inc."
1388396196672,582ee8881a50fb935959140f8d203e02b7d1325c,1395933466160,1395933466058,102,37.5123,-6.02722,1024,8,3145728,"PARROT S.A."
1388396196672,fdf69cc67f3eab16be04d1edbb88cd9e4885f188,1395934649409,1395934649307,102,37.5123,-6.02722,1024,8,3145728,"Parrot SA"
1388396196672,57a43d75907f4465e10b1d0b41068c7df2c5f821,1395935320594,1395935320492,102,37.5123,-6.02722,1024,8,2097152,"Infineon AG"
1388396196672,ab0ea3f9759647f22cda070ddf61b7e898235186,1395935675529,1395935675427,102,37.5123,-6.02722,1024,8,3145728,"Parrot SA"
1388396196672,dd0380dfdd1600b86138d2d82bb9267a466cc31c,1395938715697,1395938704117,11580,37.5123,-6.02722,512,4,5898240,null
1388396196672,dd0380dfdd1600b86138d2d82bb9267a466cc31c,1395940332750,1395940308497,24253,37.5123,-6.02722,512,4,5898240,null
1388396196672,dd0380dfdd1600b86138d2d82bb9267a466cc31c,1395940590640,1395940433498,157142,37.5123,-6.02722,512,4,5898240,null
1388396196672,4cc74f5d851057a33fde3928c7a1471e5f64aea4,1395941227098,1395941226996,102,37.5123,-6.02722,1024,8,2097152,null
1388396196672,6163558f573d14b9aba1f42edd1f676fec49f6fe,1395942474836,1395942474734,102,37.5123,-6.02722,1024,8,3145728,"Parrot SA"
1388396196672,f9cf704c8ae33c124cc196ec9d8e6599acb18fa0,1395942702674,1395942702572,102,37.5123,-6.02722,512,4,5898240,"Nokia Corporation"
1388396196672,b48d076416c9bcf5e4d288baf8632f2045847109,1395942828837,1395942828735,102,37.5123,-6.02722,1024,8,2097152,"ADVANET INC."
1388396196672,14502b10b6abe5d10cc2e729076030d0c764cd16,1395943057345,1395943057243,102,37.5123,-6.02722,1024,8,3145728,"Parrot SA"
1388396196672,dd0380dfdd1600b86138d2d82bb9267a466cc31c,1395944432349,1395943589143,843206,37.5123,-6.02722,512,4,5898240,null
1388396196672,981d676ce61754e25aade68577d0644a2ac82d3b,1395944325746,1395944325644,102,37.5123,-6.02722,512,12,5242880,"Nokia Danmark A/S"
1388396196672,981d676ce61754e25aade68577d0644a2ac82d3b,1395944585279,1395944585177,102,37.5123,-6.02722,512,12,5242880,"Nokia Danmark A/S"
1388396196672,038842e2080696d26d0a4774df4aa5da7c3abf23,1395945191294,1395945191192,102,37.5123,-6.02722,512,4,5767168,"zte corporation"
1388396196672,68f3b48e5faecc3b003041f82ffd27203d1bd91e,1395945455278,1395945240500,214778,37.5123,-6.02722,512,4,5898240,"Nokia Corporation"
1388396196672,c54da91ff252cba61b6754e49ed5936758ded1e7,1395945568370,1395945568268,102,37.5123,-6.02722,512,12,5767168,null
1388396196672,9f3745e753300fa95295e0aa98f46b0af74a4d8e,1395945907308,1395945907206,102,37.5123,-6.02722,512,12,5898240,"Nokia Corporation"
1388396196672,c54da91ff252cba61b6754e49ed5936758ded1e7,1395946095245,1395946095143,102,37.5123,-6.02722,512,12,5767168,null
1388396196672,dd0380dfdd1600b86138d2d82bb9267a466cc31c,1395947933172,1395947933070,102,37.5123,-6.02722,512,4,5898240,null
1388396196672,41aa0058b14b02507b84fe004e8ba3472987ea87,1395948298431,1395948298329,102,37.5123,-6.02722,512,4,5898240,LGE
1388396196672,41aa0058b14b02507b84fe004e8ba3472987ea87,1395948575211,1395948575109,102,37.5123,-6.02722,512,4,5898240,LGE
1388396196672,41aa0058b14b02507b84fe004e8ba3472987ea87,1395948758626,1395948649596,109030,37.5123,-6.02722,512,4,5898240,LGE
1388396196672,fa1d502cfd0771be7725391851fed57ae82b73d2,1395953005560,1395953005458,102,37.5123,-6.02722,512,12,5767168,null
1388396196672,dc61c1e771d1fc4a80fad27cdb912d2ab999fde3,1395954444522,1395954444421,101,37.5123,-6.02722,1024,8,3407872,"Continental Automotive Systems"
1388396196672,ca72257a12d66a95ff727f121efb1489518702c1,1395955100325,1395955100223,102,37.5123,-6.02722,1024,8,3407872,"Infineon AG"
1388396196672,6d1ffbea3b3f92e09acc1f314a9d3985547fabe6,1395989273635,1395989273533,102,37.5123,-6.02722,512,4,5898240,"Samsung Electronics Co.Ltd"
1388396196672,3a47070a74031c5a6d24c63e9281f3acee02187d,1395993489479,1395993489377,102,37.5123,-6.02722,1024,8,2097152,"Garmin International"
1388396196672,216aa73402908d3249b18e39259766ef29fe3d51,1395994360310,1395994360209,101,37.5123,-6.02722,512,4,5898240,"LG Electronics"
1388396196672,c67252b438ba528d1c1ce0e2ea5bd2612666d020,1395999795116,1395999783520,11596,37.5123,-6.02722,512,4,5373952,"LG Electronics"
1388396196672,c67252b438ba528d1c1ce0e2ea5bd2612666d020,1395999884363,1395999872746,11617,37.5123,-6.02722,512,4,5373952,"LG Electronics"
1388396196672,dd0380dfdd1600b86138d2d82bb9267a466cc31c,1396000060255,1396000060153,102,37.5123,-6.02722,512,4,5898240,null
1388396196672,28b54e37b93ac413af74ab0c100730f8d489f395,1396000492136,1396000492035,101,37.5123,-6.02722,512,4,5898240,null
1388396196672,ab0ea3f9759647f22cda070ddf61b7e898235186,1396002393210,1396002393108,102,37.5123,-6.02722,1024,8,3145728,"Parrot SA"
1388396196672,c67252b438ba528d1c1ce0e2ea5bd2612666d020,1396002493576,1396002493474,102,37.5123,-6.02722,512,4,5373952,"LG Electronics"
1388396196672,668b5e26245cec38f7b015fd79c6039b7d6551c1,1396002693866,1396002693764,102,37.5123,-6.02722,1024,8,3407872,"Infineon AG"
1388396196672,d899749aa8188b905f51ab2833dfda4bc550cf54,1396004626541,1396004626439,102,37.5123,-6.02722,512,4,5898240,"Nokia Corporation"
1388396196672,d899749aa8188b905f51ab2833dfda4bc550cf54,1396004954417,1396004954314,103,37.5123,-6.02722,512,4,5898240,"Nokia Corporation"
1388396196672,c16c33c54f8e4f0ce7ce8382990da053f97d18ae,1396006260563,1396006260461,102,37.5123,-6.02722,512,4,5898240,"Nokia Danmark A/S"
1388396196672,d899749aa8188b905f51ab2833dfda4bc550cf54,1396006906281,1396006906178,103,37.5123,-6.02722,512,4,5898240,"Nokia Corporation"
1388396196672,c67252b438ba528d1c1ce0e2ea5bd2612666d020,1396007424098,1396007423996,102,37.5123,-6.02722,512,4,5373952,"LG Electronics"
1388396196672,b0c7193456b8fa41e320e3fec32bfba0f3c264ad,1396007879908,1396007879806,102,37.5123,-6.02722,512,4,5898240,"Nokia Corporation"
1388396196672,dd0380dfdd1600b86138d2d82bb9267a466cc31c,1396008484650,1396008473050,11600,37.5123,-6.02722,512,4,5898240,null
1388396196672,9ebbe5b1a3ef047ae909fe8d397f72c8c410b68e,1396009356206,1396009356104,102,37.5123,-6.02722,512,4,5898240,"Samsung Electronics"
1388396196672,028766610f0b18df02ad674bab62805e22933eb7,1396012101632,1396012101530,102,37.5123,-6.02722,512,4,5898240,null
1388396196672,75103acc8506c8b9b59c2e748ded744c0597a42f,1396018943569,1396018943467,102,37.5123,-6.02722,512,4,5898240,"LG Electronics"
1388396196672,038842e2080696d26d0a4774df4aa5da7c3abf23,1396023685600,1396023685498,102,37.5123,-6.02722,512,4,5767168,"zte corporation"
1388396196672,dd0380dfdd1600b86138d2d82bb9267a466cc31c,1396025935740,1396025935638,102,37.5123,-6.02722,512,4,5898240,null
1388396196672,e20942bbe70ba3f7435af922c1fc333d4ae82db6,1396028680758,1396028680656,102,37.5123,-6.02722,1024,8,3145728,"Parrot SA"
1388396196672,dd0380dfdd1600b86138d2d82bb9267a466cc31c,1396033003298,1396032980248,23050,37.5123,-6.02722,512,4,5898240,null
1388396196672,68f3b48e5faecc3b003041f82ffd27203d1bd91e,1396033102766,1396033102664,102,37.5123,-6.02722,512,4,5898240,"Nokia Corporation"
1388396196672,42280dda19a70350d5350813a96175bd6d07bd5b,1396036244424,1396036244323,101,37.5123,-6.02722,1024,8,2097152,"NETSCHOOLS CORPORATION"
1388396196672,7bcdbf07b65c552657a26db467e15fb59badb010,1396079831564,1396079831462,102,37.5123,-6.02722,1024,8,3145728,"Parrot SA"
1388396196672,d899749aa8188b905f51ab2833dfda4bc550cf54,1396082762334,1396082762232,102,37.5123,-6.02722,512,4,5898240,"Nokia Corporation"
1388396196672,671caf76e2ec4c482cd7d9edd658f7ac98aa3fbb,1396086986032,1396086985930,102,37.5123,-6.02722,512,4,5373952,null
1388396196672,671caf76e2ec4c482cd7d9edd658f7ac98aa3fbb,1396087174623,1396087174521,102,37.5123,-6.02722,512,4,5373952,null
1388396196672,671caf76e2ec4c482cd7d9edd658f7ac98aa3fbb,1396087515251,1396087515149,102,37.5123,-6.02722,512,4,5373952,null
1388396196672,671caf76e2ec4c482cd7d9edd658f7ac98aa3fbb,1396087691253,1396087691151,102,37.5123,-6.02722,512,4,5373952,null
1388396196672,671caf76e2ec4c482cd7d9edd658f7ac98aa3fbb,1396087778260,1396087778158,102,37.5123,-6.02722,512,4,5373952,null
1388396196672,671caf76e2ec4c482cd7d9edd658f7ac98aa3fbb,1396088118140,1396088118038,102,37.5123,-6.02722,512,4,5373952,null
1388396196672,5574b6aa85b2f20dfbad4d36f34eef869cd0dc65,1396088283202,1396088283101,101,37.5123,-6.02722,512,4,5898240,"Samsung Electronics"
1388396196672,51b7fa260c0c4d161677b79101e9072273e989a7,1396088514398,1396088514296,102,37.5123,-6.02722,512,4,5898240,"Nokia Corporation"
1388396196672,671caf76e2ec4c482cd7d9edd658f7ac98aa3fbb,1396088613976,1396088613873,103,37.5123,-6.02722,512,4,5373952,null
1388396196672,51b7fa260c0c4d161677b79101e9072273e989a7,1396088688409,1396088688306,103,37.5123,-6.02722,512,4,5898240,"Nokia Corporation"
1388396196672,671caf76e2ec4c482cd7d9edd658f7ac98aa3fbb,1396088688409,1396088688307,102,37.5123,-6.02722,512,4,5373952,null
1388396196672,51b7fa260c0c4d161677b79101e9072273e989a7,1396089023522,1396088939753,83769,37.5123,-6.02722,512,4,5898240,"Nokia Corporation"
1388396196672,51b7fa260c0c4d161677b79101e9072273e989a7,1396089097949,1396089097847,102,37.5123,-6.02722,512,4,5898240,"Nokia Corporation"
1388396196672,51b7fa260c0c4d161677b79101e9072273e989a7,1396089210972,1396089210869,103,37.5123,-6.02722,512,4,5898240,"Nokia Corporation"
1388396196672,d899749aa8188b905f51ab2833dfda4bc550cf54,1396089258046,1396089234939,23107,37.5123,-6.02722,512,4,5898240,"Nokia Corporation"
1388396196672,39925f9b74eea678155ff344559b7a19a0b89fc1,1396089396330,1396089396229,101,37.5123,-6.02722,1024,8,2359296,"novero GmbH"
1388396196672,d899749aa8188b905f51ab2833dfda4bc550cf54,1396089433071,1396089432969,102,37.5123,-6.02722,512,4,5898240,"Nokia Corporation"
1388396196672,75103acc8506c8b9b59c2e748ded744c0597a42f,1396089532589,1396089532486,103,37.5123,-6.02722,512,4,5898240,"LG Electronics"
1388396196672,51b7fa260c0c4d161677b79101e9072273e989a7,1396089644777,1396089644675,102,37.5123,-6.02722,512,4,5898240,"Nokia Corporation"
1388396196672,51b7fa260c0c4d161677b79101e9072273e989a7,1396089756770,1396089732609,24161,37.5123,-6.02722,512,4,5898240,"Nokia Corporation"
1388396196672,51b7fa260c0c4d161677b79101e9072273e989a7,1396090047124,1396090047022,102,37.5123,-6.02722,512,4,5898240,"Nokia Corporation"
1388396196672,51b7fa260c0c4d161677b79101e9072273e989a7,1396090552537,1396090516914,35623,37.5123,-6.02722,512,4,5898240,"Nokia Corporation"
1388396196672,75103acc8506c8b9b59c2e748ded744c0597a42f,1396090576596,1396090576494,102,37.5123,-6.02722,512,4,5898240,"LG Electronics"
1388396196672,75103acc8506c8b9b59c2e748ded744c0597a42f,1396090651914,1396090651812,102,37.5123,-6.02722,512,4,5898240,"LG Electronics"
1388396196672,51b7fa260c0c4d161677b79101e9072273e989a7,1396090846448,1396090751274,95174,37.5123,-6.02722,512,4,5898240,"Nokia Corporation"
1388396196672,75103acc8506c8b9b59c2e748ded744c0597a42f,1396090774366,1396090762758,11608,37.5123,-6.02722,512,4,5898240,"LG Electronics"
1388396196672,51b7fa260c0c4d161677b79101e9072273e989a7,1396090933431,1396090933329,102,37.5123,-6.02722,512,4,5898240,"Nokia Corporation"
1388396196672,51b7fa260c0c4d161677b79101e9072273e989a7,1396091045400,1396091007715,37685,37.5123,-6.02722,512,4,5898240,"Nokia Corporation"
1388396196672,51b7fa260c0c4d161677b79101e9072273e989a7,1396091154355,1396091119741,34614,37.5123,-6.02722,512,4,5898240,"Nokia Corporation"
1388396196672,51b7fa260c0c4d161677b79101e9072273e989a7,1396092545518,1396091253814,1291704,37.5123,-6.02722,512,4,5898240,"Nokia Corporation"
1388396196672,a9ee4e896e60f63da7dc37a2d2c24c51307fcaf6,1396091881771,1396091881669,102,37.5123,-6.02722,512,4,5898240,null
1388396196672,a6f99d28039e4d52afe6648e433479f8d4fbf8cb,1396092099558,1396092076448,23110,37.5123,-6.02722,512,4,5898240,null
1388396196672,51b7fa260c0c4d161677b79101e9072273e989a7,1396092658730,1396092658628,102,37.5123,-6.02722,512,4,5898240,"Nokia Corporation"
1388396196672,51b7fa260c0c4d161677b79101e9072273e989a7,1396092771872,1396092771770,102,37.5123,-6.02722,512,4,5898240,"Nokia Corporation"
1388396196672,ca72257a12d66a95ff727f121efb1489518702c1,1396093062127,1396093062025,102,37.5123,-6.02722,1024,8,3407872,"Infineon AG"
1388396196672,51b7fa260c0c4d161677b79101e9072273e989a7,1396093073593,1396093073490,103,37.5123,-6.02722,512,4,5898240,"Nokia Corporation"
1388396196672,75103acc8506c8b9b59c2e748ded744c0597a42f,1396093073593,1396093073490,103,37.5123,-6.02722,512,4,5898240,"LG Electronics"
1388396196672,d899749aa8188b905f51ab2833dfda4bc550cf54,1396093085094,1396093084992,102,37.5123,-6.02722,512,4,5898240,"Nokia Corporation"
1388396196672,75103acc8506c8b9b59c2e748ded744c0597a42f,1396093245593,1396093222563,23030,37.5123,-6.02722,512,4,5898240,"LG Electronics"
1388396196672,d899749aa8188b905f51ab2833dfda4bc550cf54,1396093352311,1396093294710,57601,37.5123,-6.02722,512,4,5898240,"Nokia Corporation"
1388396196672,51b7fa260c0c4d161677b79101e9072273e989a7,1396093473686,1396093340696,132990,37.5123,-6.02722,512,4,5898240,"Nokia Corporation"
1388396196672,d899749aa8188b905f51ab2833dfda4bc550cf54,1396093590796,1396093450587,140209,37.5123,-6.02722,512,4,5898240,"Nokia Corporation"
1388396196672,671caf76e2ec4c482cd7d9edd658f7ac98aa3fbb,1396093531225,1396093531123,102,37.5123,-6.02722,512,4,5373952,null
1388396196672,51b7fa260c0c4d161677b79101e9072273e989a7,1396093554231,1396093554128,103,37.5123,-6.02722,512,4,5898240,"Nokia Corporation"
1388396196672,d899749aa8188b905f51ab2833dfda4bc550cf54,1396093666425,1396093666323,102,37.5123,-6.02722,512,4,5898240,"Nokia Corporation"
1388396196672,51b7fa260c0c4d161677b79101e9072273e989a7,1396093689434,1396093677841,11593,37.5123,-6.02722,512,4,5898240,"Nokia Corporation"
1388396196672,d899749aa8188b905f51ab2833dfda4bc550cf54,1396093961441,1396093738595,222846,37.5123,-6.02722,512,4,5898240,"Nokia Corporation"
1388396196672,51b7fa260c0c4d161677b79101e9072273e989a7,1396093808858,1396093785719,23139,37.5123,-6.02722,512,4,5898240,"Nokia Corporation"
1388396196672,51b7fa260c0c4d161677b79101e9072273e989a7,1396093949037,1396093890362,58675,37.5123,-6.02722,512,4,5898240,"Nokia Corporation"
1388396196672,981d676ce61754e25aade68577d0644a2ac82d3b,1396093949036,1396093948933,103,37.5123,-6.02722,512,12,5242880,"Nokia Danmark A/S"
1388396196672,51b7fa260c0c4d161677b79101e9072273e989a7,1396094157330,1396094049510,107820,37.5123,-6.02722,512,4,5898240,"Nokia Corporation"
1388396196672,d899749aa8188b905f51ab2833dfda4bc550cf54,1396094096700,1396094096597,103,37.5123,-6.02722,512,4,5898240,"Nokia Corporation"
1388396196672,d899749aa8188b905f51ab2833dfda4bc550cf54,1396094255851,1396094244262,11589,37.5123,-6.02722,512,4,5898240,"Nokia Corporation"
1388396196672,51b7fa260c0c4d161677b79101e9072273e989a7,1396094304918,1396094292377,12541,37.5123,-6.02722,512,4,5898240,"Nokia Corporation"
1388396196672,51b7fa260c0c4d161677b79101e9072273e989a7,1396094451538,1396094404390,47148,37.5123,-6.02722,512,4,5898240,"Nokia Corporation"
1388396196672,a6f99d28039e4d52afe6648e433479f8d4fbf8cb,1396095337861,1396095337759,102,37.5123,-6.02722,512,4,5898240,null
1388396196672,a6f99d28039e4d52afe6648e433479f8d4fbf8cb,1396095590524,1396095590422,102,37.5123,-6.02722,512,4,5898240,null
1388396196672,a6f99d28039e4d52afe6648e433479f8d4fbf8cb,1396095829560,1396095817936,11624,37.5123,-6.02722,512,4,5898240,null
1388396196672,d49292e39fd7224b906808cff17accca1ebbb015,1396098331871,1396098331770,101,37.5123,-6.02722,1024,8,3407872,"Infineon AG"
1388396196672,88be3ff6aaa6763759bb6af9f5d3ae46c19d829d,1396098937759,1396098937657,102,37.5123,-6.02722,512,12,7995392,null
1388396196672,a6f99d28039e4d52afe6648e433479f8d4fbf8cb,1396102165058,1396102153476,11582,37.5123,-6.02722,512,4,5898240,null
1388396196672,a6f99d28039e4d52afe6648e433479f8d4fbf8cb,1396104210053,1396104209951,102,37.5123,-6.02722,512,4,5898240,null
1388396196672,3b022ca6a6cd3407fd2b96f813264b80ab44a733,1396104221601,1396104221499,102,37.5123,-6.02722,1024,8,2359296,"novero GmbH"
1388396196672,a6f99d28039e4d52afe6648e433479f8d4fbf8cb,1396104848159,1396104511944,336215,37.5123,-6.02722,512,4,5898240,null
1388396196672,a6f99d28039e4d52afe6648e433479f8d4fbf8cb,1396104934969,1396104923364,11605,37.5123,-6.02722,512,4,5898240,null
1388396196672,a6f99d28039e4d52afe6648e433479f8d4fbf8cb,1396105082623,1396105021785,60838,37.5123,-6.02722,512,4,5898240,null
1388396196672,9f3745e753300fa95295e0aa98f46b0af74a4d8e,1396105107672,1396105107570,102,37.5123,-6.02722,512,12,5898240,"Nokia Corporation"
1388396196672,497829ae1552941db1f3665c72114efce9615db8,1396109556797,1396109556695,102,37.5123,-6.02722,512,4,5898240,"Nokia Corporation"
1388396196672,7c754c2c1925f1f3bb99084ce250928286f93f24,1396110074174,1396110074072,102,37.5123,-6.02722,1024,8,3407872,"Infineon AG"
1388396196672,038842e2080696d26d0a4774df4aa5da7c3abf23,1396112603758,1396112603656,102,37.5123,-6.02722,512,4,5767168,"zte corporation"
1388396196672,09f336be3d0173cb2a54207b0287a64ab53fccda,1396112742001,1396112741899,102,37.5123,-6.02722,512,4,5373952,"LG Electronics Inc"
1388396196672,ba1060dfcda2532a3d031b5a71e1d28f513bba7a,1396117447033,1396117446931,102,37.5123,-6.02722,1024,8,2097152,"BACHMANN ELECTRONIC GmbH"
1388396196672,038842e2080696d26d0a4774df4aa5da7c3abf23,1396118470411,1396118458789,11622,37.5123,-6.02722,512,4,5767168,"zte corporation"
1388396196672,fb756cea956dc60707c64df153cef83f11dd8527,1396119075504,1396119063919,11585,37.5123,-6.02722,512,4,5898240,"LG Electronics"
1388396196672,863e63aa629721cc85ec50ae9aefa90357eaf2fa,1396119452993,1396119416249,36744,37.5123,-6.02722,512,4,5898240,"Samsung Electronics Co.Ltd"
1388396196672,23c2c9a24130c94be164e4835e55452d1353a3c4,1396120882441,1396120882339,102,37.5123,-6.02722,512,12,5898240,"Nokia Corporation"
1388396196672,e5368b6756d1b60dd3f552a4c58256b43fc6bff5,1396121516777,1396121516674,103,37.5123,-6.02722,512,4,5898240,null
1388396196672,57a43d75907f4465e10b1d0b41068c7df2c5f821,1396125532705,1396125532603,102,37.5123,-6.02722,1024,8,2097152,"Infineon AG"
1388396196672,2da9d7f2eb087e912b04165ed8880e67a079cddb,1396126761996,1396126761895,101,37.5123,-6.02722,1024,8,3145728,"Ericsson Group"
1388396196672,c840328040c73f9e0ff5bcd010227ba019757d53,1396163745153,1396163745051,102,37.5123,-6.02722,512,4,5242880,"Motorola MDb"
1388396196672,ad0457d7be925653f7627a31c5d8467079bbd8ea,1396169550478,1396169513689,36789,37.5123,-6.02722,512,12,5898240,null
1388396196672,dd0380dfdd1600b86138d2d82bb9267a466cc31c,1396171902700,1396171891138,11562,37.5123,-6.02722,512,4,5898240,null
1388396196672,2aba5ea3cd27a617b9629aa0b9d8e2e88d7a0610,1396172937552,1396172925933,11619,37.5123,-6.02722,512,4,5898240,"LG Electronics"
1388396196672,2aba5ea3cd27a617b9629aa0b9d8e2e88d7a0610,1396174238839,1396173162851,1075988,37.5123,-6.02722,512,4,5898240,"LG Electronics"
1388396196672,2acb4534054306f3a50d0910ded688ecc62f2f58,1396173737208,1396173737106,102,37.5123,-6.02722,512,12,5767168,null
1388396196672,e41d3b204f5c7615db77da36c91e70d8a47442e9,1396174121712,1396174121609,103,37.5123,-6.02722,512,4,5898240,"Nokia Corporation"
1388396196672,dd0380dfdd1600b86138d2d82bb9267a466cc31c,1396175059242,1396175009909,49333,37.5123,-6.02722,512,4,5898240,null
1388396196672,dd0380dfdd1600b86138d2d82bb9267a466cc31c,1396175194390,1396175133522,60868,37.5123,-6.02722,512,4,5898240,null
1388396196672,dd0380dfdd1600b86138d2d82bb9267a466cc31c,1396175345433,1396175345330,103,37.5123,-6.02722,512,4,5898240,null
1388396196672,1c3c62ecdf148bfac707141603ab5880878efca9,1396175572195,1396175572093,102,37.5123,-6.02722,512,12,5767168,null
1388396196672,dd0380dfdd1600b86138d2d82bb9267a466cc31c,1396175634068,1396175633966,102,37.5123,-6.02722,512,4,5898240,null
1388396196672,55937cd49607c13505366f78de68f3c9723e55b2,1396175772320,1396175772218,102,37.5123,-6.02722,512,12,5898240,null
1388396196672,dd0380dfdd1600b86138d2d82bb9267a466cc31c,1396175961755,1396175783705,178050,37.5123,-6.02722,512,4,5898240,null
1388396196672,c7e429d52068dc9033be27081c30409c73fac3da,1396176023616,1396176023514,102,37.5123,-6.02722,1024,8,3407872,"Infineon AG"
1388396196672,dd0380dfdd1600b86138d2d82bb9267a466cc31c,1396178853871,1396178830793,23078,37.5123,-6.02722,512,4,5898240,null
1388396196672,497829ae1552941db1f3665c72114efce9615db8,1396180258519,1396180258416,103,37.5123,-6.02722,512,4,5898240,"Nokia Corporation"
1388396196672,fc1314a536e9c2f9f19d81dd94e1336db422b6ed,1396180510206,1396180510105,101,37.5123,-6.02722,512,4,5898240,null
1388396196672,1c3c62ecdf148bfac707141603ab5880878efca9,1396180671981,1396180660388,11593,37.5123,-6.02722,512,12,5767168,null
1388396196672,0cb3ad09c936039a8a70d9eef8870b0ac1233d2e,1396181483281,1396181483179,102,37.5123,-6.02722,1024,8,2097152,"ADVANET INC."
1388396196672,028766610f0b18df02ad674bab62805e22933eb7,1396181659333,1396181659231,102,37.5123,-6.02722,512,4,5898240,null
1388396196672,2aba5ea3cd27a617b9629aa0b9d8e2e88d7a0610,1396181908916,1396181897283,11633,37.5123,-6.02722,512,4,5898240,"LG Electronics"
1388396196672,038842e2080696d26d0a4774df4aa5da7c3abf23,1396181933192,1396181920299,12893,37.5123,-6.02722,512,4,5767168,"zte corporation"
1388396196672,038842e2080696d26d0a4774df4aa5da7c3abf23,1396182363687,1396182363585,102,37.5123,-6.02722,512,4,5767168,"zte corporation"
1388396196672,04cea7757847dd4f8d5c6fefd650f4464d47ab9f,1396183578539,1396183578436,103,37.5123,-6.02722,1024,8,2097152,"Ericsson Group"
1388396196672,9b7015fa2c1fba9784aeb2627c7d2e2fa50e259d,1396188545979,1396188545877,102,37.5123,-6.02722,512,4,5373952,null
1388396196672,ad0457d7be925653f7627a31c5d8467079bbd8ea,1396190004623,1396189391245,613378,37.5123,-6.02722,512,12,5898240,null
1388396196672,dd0380dfdd1600b86138d2d82bb9267a466cc31c,1396192737201,1396192713022,24179,37.5123,-6.02722,512,4,5898240,null
1388396196672,419965ec23b1c6a1a88cdb7c727cd28537143f8b,1396192938658,1396192938556,102,37.5123,-6.02722,1024,8,2359296,"Nokia Danmark A/S"
1388396196672,038842e2080696d26d0a4774df4aa5da7c3abf23,1396195635415,1396195635313,102,37.5123,-6.02722,512,4,5767168,"zte corporation"
1388396196672,51b7fa260c0c4d161677b79101e9072273e989a7,1396196050432,1396196038859,11573,37.5123,-6.02722,512,4,5898240,"Nokia Corporation"
1388396196672,dd0380dfdd1600b86138d2d82bb9267a466cc31c,1396199995355,1396199995252,103,37.5123,-6.02722,512,4,5898240,null
1388396196672,dd0380dfdd1600b86138d2d82bb9267a466cc31c,1396200146283,1396200146181,102,37.5123,-6.02722,512,4,5898240,null
1388396196672,ad0457d7be925653f7627a31c5d8467079bbd8ea,1396200258495,1396200258393,102,37.5123,-6.02722,512,12,5898240,null
1388396196672,1cdb5264bae488f19a4475240a57a0b9e00d66b6,1396200744760,1396200744658,102,37.5123,-6.02722,1024,8,2359296,"novero GmbH"
1388396196672,3fbf47d0391fc9bb1b0fd92614040df01990ac61,1396201199908,1396201199806,102,37.5123,-6.02722,512,12,7995392,null
1388396196672,35bcd6e1b4ecfecd49c903f325d28fec916af5b6,1396202111113,1396202111011,102,37.5123,-6.02722,512,4,5898240,"LG Electronics"
1388396196672,57a43d75907f4465e10b1d0b41068c7df2c5f821,1396202590716,1396202590614,102,37.5123,-6.02722,1024,8,2097152,"Infineon AG"
1388396196672,038842e2080696d26d0a4774df4aa5da7c3abf23,1396202922412,1396202910802,11610,37.5123,-6.02722,512,4,5767168,"zte corporation"
1388396196672,55937cd49607c13505366f78de68f3c9723e55b2,1396204805165,1396204805063,102,37.5123,-6.02722,512,12,5898240,null
1388396196672,0f4f3d7d2664a3cedf2097aa62a3c5cb057de2b9,1396207835249,1396207835147,102,37.5123,-6.02722,512,4,5242880,MOTOROLA
1388396196672,785569a9ce1817b7b79003192895085f164197f6,1396211330078,1396211318497,11581,37.5123,-6.02722,512,12,5898240,null
1388396196672,785569a9ce1817b7b79003192895085f164197f6,1396213590349,1396213590246,103,37.5123,-6.02722,512,12,5898240,null
